"","algorithm","iomode","image","nthreads","imsize","media","desv_pad"
"1","omp","withoutIO","elephant",1,16,0.001,0
"2","omp","withoutIO","elephant",1,32,0.00205,0.000223606797749979
"3","omp","withoutIO","elephant",1,64,0.00705,0.000223606797749979
"4","omp","withoutIO","elephant",1,128,0.02525,0.000966545666958261
"5","omp","withoutIO","elephant",1,256,0.0959,0.000967906041546988
"6","omp","withoutIO","elephant",1,512,0.3769,0.00202354561157026
"7","omp","withoutIO","elephant",1,1024,1.52395,0.0272135318507076
"8","omp","withoutIO","elephant",1,2048,6.04605,0.0308740650827979
"9","omp","withoutIO","elephant",1,4096,24.1148,0.121383515745495
"10","omp","withoutIO","elephant",1,8192,96.40775,0.392114628111408
"11","omp","withoutIO","elephant",2,16,0.001,0
"12","omp","withoutIO","elephant",2,32,0.002,0
"13","omp","withoutIO","elephant",2,64,0.004,0
"14","omp","withoutIO","elephant",2,128,0.01315,0.000366347548532523
"15","omp","withoutIO","elephant",2,256,0.04875,0.00106992375527664
"16","omp","withoutIO","elephant",2,512,0.19125,0.00390512483795333
"17","omp","withoutIO","elephant",2,1024,0.7564,0.00513399403358069
"18","omp","withoutIO","elephant",2,2048,3.0178,0.0233341854480999
"19","omp","withoutIO","elephant",2,4096,12.04065,0.0626849054272322
"20","omp","withoutIO","elephant",2,8192,48.27075,0.214884516108439
"21","omp","withoutIO","elephant",4,16,0.001,0
"22","omp","withoutIO","elephant",4,32,0.00105,0.000223606797749979
"23","omp","withoutIO","elephant",4,64,0.003,0
"24","omp","withoutIO","elephant",4,128,0.00725,0.000444261658319319
"25","omp","withoutIO","elephant",4,256,0.0251,0.000307793505625545
"26","omp","withoutIO","elephant",4,512,0.09665,0.000745159820370595
"27","omp","withoutIO","elephant",4,1024,0.3778,0.00214230569345519
"28","omp","withoutIO","elephant",4,2048,1.51265,0.0064991902329606
"29","omp","withoutIO","elephant",4,4096,6.0349,0.0246061609743319
"30","omp","withoutIO","elephant",4,8192,24.1096,0.0504437153771674
"31","omp","withoutIO","elephant",8,16,0.001,0
"32","omp","withoutIO","elephant",8,32,0.00105,0.000223606797749979
"33","omp","withoutIO","elephant",8,64,0.002,0
"34","omp","withoutIO","elephant",8,128,0.0041,0.000307793505625546
"35","omp","withoutIO","elephant",8,256,0.01385,0.000489360484929593
"36","omp","withoutIO","elephant",8,512,0.05625,0.00291773163514687
"37","omp","withoutIO","elephant",8,1024,0.2268,0.00661417934599997
"38","omp","withoutIO","elephant",8,2048,0.892,0.00465663081275678
"39","omp","withoutIO","elephant",8,4096,3.5549,0.00772487438153695
"40","omp","withoutIO","elephant",8,8192,14.18425,0.0103307155710788
"41","omp","withoutIO","elephant",16,16,0.00105,0.000223606797749979
"42","omp","withoutIO","elephant",16,32,0.00125,0.000444261658319319
"43","omp","withoutIO","elephant",16,64,0.0022,0.000410391340834062
"44","omp","withoutIO","elephant",16,128,0.00545,0.00068633274115326
"45","omp","withoutIO","elephant",16,256,0.01645,0.000825577947481896
"46","omp","withoutIO","elephant",16,512,0.05895,0.00213923252347043
"47","omp","withoutIO","elephant",16,1024,0.22535,0.00184319516629483
"48","omp","withoutIO","elephant",16,2048,0.8961,0.00282656570491658
"49","omp","withoutIO","elephant",16,4096,3.5784,0.00792995652739128
"50","omp","withoutIO","elephant",16,8192,14.30215,0.0205254014641165
"51","omp","withoutIO","elephant",32,16,0.00165,0.000489360484929593
"52","omp","withoutIO","elephant",32,32,0.002,0
"53","omp","withoutIO","elephant",32,64,0.0025,0.000512989176042577
"54","omp","withoutIO","elephant",32,128,0.00565,0.0005871429486124
"55","omp","withoutIO","elephant",32,256,0.01725,0.00106992375527664
"56","omp","withoutIO","elephant",32,512,0.0595,0.00203909164503269
"57","omp","withoutIO","elephant",32,1024,0.22615,0.00118210338847862
"58","omp","withoutIO","elephant",32,2048,0.89935,0.00346827729116648
"59","omp","withoutIO","elephant",32,4096,3.5943,0.00504818883623783
"60","omp","withoutIO","elephant",32,8192,14.36035,0.0123000855795054
"61","omp","withoutIO","full",1,16,0.0026,0.00715541752799933
"62","omp","withoutIO","full",1,32,0.001,0
"63","omp","withoutIO","full",1,64,0.002,0
"64","omp","withoutIO","full",1,128,0.00435,0.000489360484929593
"65","omp","withoutIO","full",1,256,0.01615,0.00515317990738677
"66","omp","withoutIO","full",1,512,0.05535,0.000489360484929593
"67","omp","withoutIO","full",1,1024,0.21855,0.00298196332357692
"68","omp","withoutIO","full",1,2048,0.8688,0.00886507042748171
"69","omp","withoutIO","full",1,4096,3.4573,0.0321396623307844
"70","omp","withoutIO","full",1,8192,13.7632,0.067547721921928
"71","omp","withoutIO","full",2,16,0.001,0
"72","omp","withoutIO","full",2,32,0.001,0
"73","omp","withoutIO","full",2,64,0.0012,0.000410391340834062
"74","omp","withoutIO","full",2,128,0.003,0
"75","omp","withoutIO","full",2,256,0.0081,0.000307793505625546
"76","omp","withoutIO","full",2,512,0.0287,0.000656946685331786
"77","omp","withoutIO","full",2,1024,0.10965,0.000988086934168085
"78","omp","withoutIO","full",2,2048,0.43535,0.00415837772011609
"79","omp","withoutIO","full",2,4096,1.726,0.014516777951917
"80","omp","withoutIO","full",2,8192,6.90775,0.0584158188741444
"81","omp","withoutIO","full",4,16,0.001,0
"82","omp","withoutIO","full",4,32,0.001,0
"83","omp","withoutIO","full",4,64,0.00105,0.000223606797749979
"84","omp","withoutIO","full",4,128,0.002,0
"85","omp","withoutIO","full",4,256,0.005,0
"86","omp","withoutIO","full",4,512,0.0151,0.000307793505625547
"87","omp","withoutIO","full",4,1024,0.05545,0.000510417785534041
"88","omp","withoutIO","full",4,2048,0.21835,0.00200722379629703
"89","omp","withoutIO","full",4,4096,0.8653,0.00597450724680331
"90","omp","withoutIO","full",4,8192,3.44845,0.0254175136470899
"91","omp","withoutIO","full",8,16,0.001,0
"92","omp","withoutIO","full",8,32,0.001,0
"93","omp","withoutIO","full",8,64,0.001,0
"94","omp","withoutIO","full",8,128,0.0019,0.000307793505625546
"95","omp","withoutIO","full",8,256,0.003,0
"96","omp","withoutIO","full",8,512,0.0099,0.0012096106376586
"97","omp","withoutIO","full",8,1024,0.035,0.00205195670417031
"98","omp","withoutIO","full",8,2048,0.1339,0.00224546326248235
"99","omp","withoutIO","full",8,4096,0.52905,0.00419868400435435
"100","omp","withoutIO","full",8,8192,2.10185,0.00982089608946143
"101","omp","withoutIO","full",16,16,0.00105,0.000223606797749979
"102","omp","withoutIO","full",16,32,0.00105,0.000223606797749979
"103","omp","withoutIO","full",16,64,0.00105,0.000223606797749979
"104","omp","withoutIO","full",16,128,0.00205,0.000223606797749979
"105","omp","withoutIO","full",16,256,0.0039,0.000307793505625546
"106","omp","withoutIO","full",16,512,0.0104,0.000502624689950034
"107","omp","withoutIO","full",16,1024,0.0359,0.0013337718577107
"108","omp","withoutIO","full",16,2048,0.13425,0.00116415770318919
"109","omp","withoutIO","full",16,4096,0.533,0.013498537932524
"110","omp","withoutIO","full",16,8192,2.1254,0.0269099864069281
"111","omp","withoutIO","full",32,16,0.0017,0.000470162345981627
"112","omp","withoutIO","full",32,32,0.0015,0.000512989176042577
"113","omp","withoutIO","full",32,64,0.002,0
"114","omp","withoutIO","full",32,128,0.0022,0.000523148363780597
"115","omp","withoutIO","full",32,256,0.004,0
"116","omp","withoutIO","full",32,512,0.01065,0.000489360484929593
"117","omp","withoutIO","full",32,1024,0.03665,0.00159851905146443
"118","omp","withoutIO","full",32,2048,0.13495,0.00173129096949433
"119","omp","withoutIO","full",32,4096,0.53215,0.00354334067765079
"120","omp","withoutIO","full",32,8192,2.1322,0.0187296556295091
"121","omp","withoutIO","seahorse",1,16,0.001,0
"122","omp","withoutIO","seahorse",1,32,0.00225,0.000444261658319319
"123","omp","withoutIO","seahorse",1,64,0.00705,0.000223606797749979
"124","omp","withoutIO","seahorse",1,128,0.0265,0.00123544153624269
"125","omp","withoutIO","seahorse",1,256,0.1011,0.00148323969741913
"126","omp","withoutIO","seahorse",1,512,0.401,0.00414220891998968
"127","omp","withoutIO","seahorse",1,1024,1.60875,0.00835322188077592
"128","omp","withoutIO","seahorse",1,2048,6.4231,0.0275698156838617
"129","omp","withoutIO","seahorse",1,4096,25.65185,0.125364846495507
"130","omp","withoutIO","seahorse",1,8192,102.37095,0.340025149998612
"131","omp","withoutIO","seahorse",2,16,0.001,0
"132","omp","withoutIO","seahorse",2,32,0.002,0
"133","omp","withoutIO","seahorse",2,64,0.004,0
"134","omp","withoutIO","seahorse",2,128,0.01385,0.000366347548532523
"135","omp","withoutIO","seahorse",2,256,0.05125,0.00078639751565705
"136","omp","withoutIO","seahorse",2,512,0.20225,0.00276966651992237
"137","omp","withoutIO","seahorse",2,1024,0.80245,0.00579904710865682
"138","omp","withoutIO","seahorse",2,2048,3.20365,0.013604469079952
"139","omp","withoutIO","seahorse",2,4096,12.78575,0.0558577846433526
"140","omp","withoutIO","seahorse",2,8192,51.3004,0.210625984301933
"141","omp","withoutIO","seahorse",4,16,0.001,0
"142","omp","withoutIO","seahorse",4,32,0.001,0
"143","omp","withoutIO","seahorse",4,64,0.003,0
"144","omp","withoutIO","seahorse",4,128,0.0074,0.000502624689950035
"145","omp","withoutIO","seahorse",4,256,0.02655,0.000510417785534041
"146","omp","withoutIO","seahorse",4,512,0.102,0.000973328526784571
"147","omp","withoutIO","seahorse",4,1024,0.4008,0.00164156536333625
"148","omp","withoutIO","seahorse",4,2048,1.60185,0.00476030737618798
"149","omp","withoutIO","seahorse",4,4096,6.3991,0.0227339301254174
"150","omp","withoutIO","seahorse",4,8192,25.60625,0.0675191006113714
"151","omp","withoutIO","seahorse",8,16,0.00115,0.000489360484929593
"152","omp","withoutIO","seahorse",8,32,0.001,0
"153","omp","withoutIO","seahorse",8,64,0.00205,0.000223606797749979
"154","omp","withoutIO","seahorse",8,128,0.00405,0.000223606797749979
"155","omp","withoutIO","seahorse",8,256,0.01405,0.000223606797749979
"156","omp","withoutIO","seahorse",8,512,0.0599,0.00422897275071805
"157","omp","withoutIO","seahorse",8,1024,0.23745,0.00114593101656987
"158","omp","withoutIO","seahorse",8,2048,0.9428,0.00367924477376311
"159","omp","withoutIO","seahorse",8,4096,3.7596,0.0039121941615792
"160","omp","withoutIO","seahorse",8,8192,15.02215,0.0108252871604067
"161","omp","withoutIO","seahorse",16,16,0.00105,0.000223606797749979
"162","omp","withoutIO","seahorse",16,32,0.00155,0.000604805318829299
"163","omp","withoutIO","seahorse",16,64,0.00215,0.000489360484929593
"164","omp","withoutIO","seahorse",16,128,0.0055,0.000606976978666884
"165","omp","withoutIO","seahorse",16,256,0.017,0.000725476250110011
"166","omp","withoutIO","seahorse",16,512,0.06255,0.00330031896385151
"167","omp","withoutIO","seahorse",16,1024,0.23945,0.00601292467588733
"168","omp","withoutIO","seahorse",16,2048,0.9529,0.0235414528013885
"169","omp","withoutIO","seahorse",16,4096,3.7872,0.00907628488801568
"170","omp","withoutIO","seahorse",16,8192,15.1393,0.0196310709684525
"171","omp","withoutIO","seahorse",32,16,0.0016,0.000502624689950035
"172","omp","withoutIO","seahorse",32,32,0.002,0
"173","omp","withoutIO","seahorse",32,64,0.0027,0.000470162345981627
"174","omp","withoutIO","seahorse",32,128,0.0061,0.00102083557106808
"175","omp","withoutIO","seahorse",32,256,0.01765,0.00126802789276975
"176","omp","withoutIO","seahorse",32,512,0.06275,0.0021244194253341
"177","omp","withoutIO","seahorse",32,1024,0.23905,0.00235025194618073
"178","omp","withoutIO","seahorse",32,2048,0.94985,0.00232322371308762
"179","omp","withoutIO","seahorse",32,4096,3.8027,0.00618231773945494
"180","omp","withoutIO","seahorse",32,8192,15.20615,0.0134566555632285
"181","omp","withoutIO","triple_spiral",1,16,0.001,0
"182","omp","withoutIO","triple_spiral",1,32,0.00295,0.000223606797749979
"183","omp","withoutIO","triple_spiral",1,64,0.00815,0.000366347548532523
"184","omp","withoutIO","triple_spiral",1,128,0.02945,0.000510417785534039
"185","omp","withoutIO","triple_spiral",1,256,0.11485,0.00122581873821025
"186","omp","withoutIO","triple_spiral",1,512,0.46,0.0121091526932056
"187","omp","withoutIO","triple_spiral",1,1024,1.83235,0.0110132695083321
"188","omp","withoutIO","triple_spiral",1,2048,7.322,0.0395274721254923
"189","omp","withoutIO","triple_spiral",1,4096,29.1653,0.113910444971847
"190","omp","withoutIO","triple_spiral",1,8192,116.5264,0.350717069955107
"191","omp","withoutIO","triple_spiral",2,16,0.001,0
"192","omp","withoutIO","triple_spiral",2,32,0.002,0
"193","omp","withoutIO","triple_spiral",2,64,0.0046,0.000502624689950035
"194","omp","withoutIO","triple_spiral",2,128,0.0156,0.000598243041616119
"195","omp","withoutIO","triple_spiral",2,256,0.05845,0.000944513241388331
"196","omp","withoutIO","triple_spiral",2,512,0.22985,0.003166851333489
"197","omp","withoutIO","triple_spiral",2,1024,0.91235,0.00574250083060279
"198","omp","withoutIO","triple_spiral",2,2048,3.64435,0.0191318830063437
"199","omp","withoutIO","triple_spiral",2,4096,14.5661,0.0581756867283558
"200","omp","withoutIO","triple_spiral",2,8192,58.3457,0.263598199019485
"201","omp","withoutIO","triple_spiral",4,16,0.001,0
"202","omp","withoutIO","triple_spiral",4,32,0.0014,0.000502624689950035
"203","omp","withoutIO","triple_spiral",4,64,0.003,0
"204","omp","withoutIO","triple_spiral",4,128,0.0086,0.000502624689950034
"205","omp","withoutIO","triple_spiral",4,256,0.0301,0.000307793505625547
"206","omp","withoutIO","triple_spiral",4,512,0.11645,0.00279990601346019
"207","omp","withoutIO","triple_spiral",4,1024,0.45565,0.00175544266422131
"208","omp","withoutIO","triple_spiral",4,2048,1.8223,0.00537146456554888
"209","omp","withoutIO","triple_spiral",4,4096,7.2842,0.0210877864377016
"210","omp","withoutIO","triple_spiral",4,8192,29.14035,0.0649042006588007
"211","omp","withoutIO","triple_spiral",8,16,0.001,0
"212","omp","withoutIO","triple_spiral",8,32,0.001,0
"213","omp","withoutIO","triple_spiral",8,64,0.002,0
"214","omp","withoutIO","triple_spiral",8,128,0.005,0
"215","omp","withoutIO","triple_spiral",8,256,0.016,0
"216","omp","withoutIO","triple_spiral",8,512,0.0677,0.00372897615410648
"217","omp","withoutIO","triple_spiral",8,1024,0.2722,0.0058812816361921
"218","omp","withoutIO","triple_spiral",8,2048,1.0742,0.00246234804500436
"219","omp","withoutIO","triple_spiral",8,4096,4.2866,0.00458142703578382
"220","omp","withoutIO","triple_spiral",8,8192,17.1131,0.0100624366621085
"221","omp","withoutIO","triple_spiral",16,16,0.0011,0.000307793505625546
"222","omp","withoutIO","triple_spiral",16,32,0.00165,0.000489360484929593
"223","omp","withoutIO","triple_spiral",16,64,0.00235,0.000489360484929593
"224","omp","withoutIO","triple_spiral",16,128,0.0063,0.000571240570577479
"225","omp","withoutIO","triple_spiral",16,256,0.01915,0.000988086934168085
"226","omp","withoutIO","triple_spiral",16,512,0.07175,0.00460977222864644
"227","omp","withoutIO","triple_spiral",16,1024,0.2709,0.00161896653195146
"228","omp","withoutIO","triple_spiral",16,2048,1.08355,0.0162658020333912
"229","omp","withoutIO","triple_spiral",16,4096,4.32455,0.0227445192935515
"230","omp","withoutIO","triple_spiral",16,8192,17.26485,0.0437905000512305
"231","omp","withoutIO","triple_spiral",32,16,0.0023,0.00231925577899917
"232","omp","withoutIO","triple_spiral",32,32,0.002,0
"233","omp","withoutIO","triple_spiral",32,64,0.003,0.000324442842261525
"234","omp","withoutIO","triple_spiral",32,128,0.0063,0.000470162345981627
"235","omp","withoutIO","triple_spiral",32,256,0.01955,0.000944513241388333
"236","omp","withoutIO","triple_spiral",32,512,0.071,0.00229415733870561
"237","omp","withoutIO","triple_spiral",32,1024,0.273,0.006553424175273
"238","omp","withoutIO","triple_spiral",32,2048,1.0831,0.00470050389236145
"239","omp","withoutIO","triple_spiral",32,4096,4.33825,0.0114150178089632
"240","omp","withoutIO","triple_spiral",32,8192,17.36685,0.0564365269922532
"241","pth","withoutIO","elephant",1,16,0.00155,0.00223547946111179
"242","pth","withoutIO","elephant",1,32,0.0026,0.000502624689950035
"243","pth","withoutIO","elephant",1,64,0.00715,0.000366347548532523
"244","pth","withoutIO","elephant",1,128,0.02655,0.00068633274115326
"245","pth","withoutIO","elephant",1,256,0.10265,0.00169441808051583
"246","pth","withoutIO","elephant",1,512,0.40315,0.00452216762183799
"247","pth","withoutIO","elephant",1,1024,1.5984,0.0102823302703946
"248","pth","withoutIO","elephant",1,2048,6.37675,0.0321048856750889
"249","pth","withoutIO","elephant",1,4096,25.6986,0.253848151875341
"250","pth","withoutIO","elephant",1,8192,102.9901,0.379254795618988
"251","pth","withoutIO","elephant",2,16,0.001,0
"252","pth","withoutIO","elephant",2,32,0.002,0
"253","pth","withoutIO","elephant",2,64,0.00405,0.000223606797749979
"254","pth","withoutIO","elephant",2,128,0.01485,0.000366347548532523
"255","pth","withoutIO","elephant",2,256,0.05455,0.00105006265477226
"256","pth","withoutIO","elephant",2,512,0.21255,0.00153811230854064
"257","pth","withoutIO","elephant",2,1024,0.84345,0.00562396189251146
"258","pth","withoutIO","elephant",2,2048,3.37255,0.025580574455506
"259","pth","withoutIO","elephant",2,4096,13.4774,0.0721375878370448
"260","pth","withoutIO","elephant",2,8192,54.8865,0.340965116289505
"261","pth","withoutIO","elephant",4,16,0.00115,0.000366347548532523
"262","pth","withoutIO","elephant",4,32,0.002,0
"263","pth","withoutIO","elephant",4,64,0.00305,0.000223606797749979
"264","pth","withoutIO","elephant",4,128,0.009,0.000324442842261525
"265","pth","withoutIO","elephant",4,256,0.03055,0.0006048053188293
"266","pth","withoutIO","elephant",4,512,0.11835,0.00187153188029148
"267","pth","withoutIO","elephant",4,1024,0.4675,0.00914503028684805
"268","pth","withoutIO","elephant",4,2048,1.83675,0.0112571614632876
"269","pth","withoutIO","elephant",4,4096,7.39825,0.115492936671697
"270","pth","withoutIO","elephant",4,8192,30.0904,0.563163190334177
"271","pth","withoutIO","elephant",8,16,0.00155,0.00051041778553404
"272","pth","withoutIO","elephant",8,32,0.002,0
"273","pth","withoutIO","elephant",8,64,0.0025,0.000512989176042577
"274","pth","withoutIO","elephant",8,128,0.006,0.000324442842261525
"275","pth","withoutIO","elephant",8,256,0.0193,0.00103109548284184
"276","pth","withoutIO","elephant",8,512,0.08295,0.00348643989735873
"277","pth","withoutIO","elephant",8,1024,0.3172,0.0106701748616856
"278","pth","withoutIO","elephant",8,2048,1.2352,0.00682564822447
"279","pth","withoutIO","elephant",8,4096,4.98445,0.0828762393731254
"280","pth","withoutIO","elephant",8,8192,20.75605,0.111023693535731
"281","pth","withoutIO","elephant",16,16,0.00185,0.000366347548532523
"282","pth","withoutIO","elephant",16,32,0.00195,0.000223606797749979
"283","pth","withoutIO","elephant",16,64,0.0023,0.000470162345981627
"284","pth","withoutIO","elephant",16,128,0.00605,0.000223606797749979
"285","pth","withoutIO","elephant",16,256,0.021,0.00112390297389803
"286","pth","withoutIO","elephant",16,512,0.0805,0.00326867106425773
"287","pth","withoutIO","elephant",16,1024,0.3127,0.00471392115245673
"288","pth","withoutIO","elephant",16,2048,1.23935,0.0248432454020255
"289","pth","withoutIO","elephant",16,4096,4.95575,0.0563960384946915
"290","pth","withoutIO","elephant",16,8192,20.73055,0.132872109068913
"291","pth","withoutIO","elephant",32,16,0.002,0
"292","pth","withoutIO","elephant",32,32,0.002,0
"293","pth","withoutIO","elephant",32,64,0.00265,0.000489360484929593
"294","pth","withoutIO","elephant",32,128,0.0062,0.000410391340834062
"295","pth","withoutIO","elephant",32,256,0.02105,0.000759154654516248
"296","pth","withoutIO","elephant",32,512,0.0815,0.0033166247903554
"297","pth","withoutIO","elephant",32,1024,0.31395,0.00793045429109569
"298","pth","withoutIO","elephant",32,2048,1.24365,0.0296368813616093
"299","pth","withoutIO","elephant",32,4096,4.919,0.0306474005079506
"300","pth","withoutIO","elephant",32,8192,20.65875,0.108786064800309
"301","pth","withoutIO","full",1,16,0.001,0
"302","pth","withoutIO","full",1,32,0.00105,0.000223606797749979
"303","pth","withoutIO","full",1,64,0.002,0
"304","pth","withoutIO","full",1,128,0.00605,0.000223606797749979
"305","pth","withoutIO","full",1,256,0.0211,0.00085224162622679
"306","pth","withoutIO","full",1,512,0.0794,0.00181803827184544
"307","pth","withoutIO","full",1,1024,0.3106,0.00414728827066555
"308","pth","withoutIO","full",1,2048,1.2282,0.0130044526787437
"309","pth","withoutIO","full",1,4096,4.9774,0.117869419274042
"310","pth","withoutIO","full",1,8192,20.77535,0.261361873553448
"311","pth","withoutIO","full",2,16,0.01205,0.0494171023027453
"312","pth","withoutIO","full",2,32,0.001,0
"313","pth","withoutIO","full",2,64,0.002,0
"314","pth","withoutIO","full",2,128,0.0042,0.000410391340834062
"315","pth","withoutIO","full",2,256,0.01385,0.000670820393249937
"316","pth","withoutIO","full",2,512,0.05065,0.00103998987849326
"317","pth","withoutIO","full",2,1024,0.1991,0.0074048348359277
"318","pth","withoutIO","full",2,2048,0.77575,0.00789986675437265
"319","pth","withoutIO","full",2,4096,3.1016,0.0338376930904606
"320","pth","withoutIO","full",2,8192,13.43235,0.159307142932995
"321","pth","withoutIO","full",4,16,0.01195,0.0489698887072454
"322","pth","withoutIO","full",4,32,0.00115,0.000366347548532523
"323","pth","withoutIO","full",4,64,0.002,0
"324","pth","withoutIO","full",4,128,0.0038,0.000410391340834062
"325","pth","withoutIO","full",4,256,0.01015,0.000366347548532523
"326","pth","withoutIO","full",4,512,0.03825,0.00259300678952569
"327","pth","withoutIO","full",4,1024,0.1413,0.00525256829410246
"328","pth","withoutIO","full",4,2048,0.53845,0.00877481443798402
"329","pth","withoutIO","full",4,4096,2.1953,0.0386142869660277
"330","pth","withoutIO","full",4,8192,9.76225,0.180669769993415
"331","pth","withoutIO","full",8,16,0.0112,0.0435002722314531
"332","pth","withoutIO","full",8,32,0.0015,0.000512989176042577
"333","pth","withoutIO","full",8,64,0.0021,0.000307793505625546
"334","pth","withoutIO","full",8,128,0.0032,0.000410391340834062
"335","pth","withoutIO","full",8,256,0.00885,0.000366347548532523
"336","pth","withoutIO","full",8,512,0.0319,0.00210012530954452
"337","pth","withoutIO","full",8,1024,0.11615,0.00319991776210116
"338","pth","withoutIO","full",8,2048,0.4621,0.0152346557835123
"339","pth","withoutIO","full",8,4096,1.8398,0.0361555120642977
"340","pth","withoutIO","full",8,8192,7.9669,0.402773659829726
"341","pth","withoutIO","full",16,16,0.01145,0.0453239509124678
"342","pth","withoutIO","full",16,32,0.0017,0.000732695097065046
"343","pth","withoutIO","full",16,64,0.002,0
"344","pth","withoutIO","full",16,128,0.00305,0.000223606797749979
"345","pth","withoutIO","full",16,256,0.0083,0.000470162345981627
"346","pth","withoutIO","full",16,512,0.03005,0.000825577947481896
"347","pth","withoutIO","full",16,1024,0.1183,0.00439018043029285
"348","pth","withoutIO","full",16,2048,0.45685,0.0116766749052162
"349","pth","withoutIO","full",16,4096,1.82955,0.0264584580049556
"350","pth","withoutIO","full",16,8192,7.95375,0.463823228010527
"351","pth","withoutIO","full",32,16,0.01275,0.0476068051305361
"352","pth","withoutIO","full",32,32,0.002,0
"353","pth","withoutIO","full",32,64,0.002,0
"354","pth","withoutIO","full",32,128,0.00365,0.000489360484929593
"355","pth","withoutIO","full",32,256,0.009,0.000324442842261525
"356","pth","withoutIO","full",32,512,0.031,0.00102597835208515
"357","pth","withoutIO","full",32,1024,0.11575,0.00312671005842781
"358","pth","withoutIO","full",32,2048,0.45545,0.00901738087776804
"359","pth","withoutIO","full",32,4096,1.8118,0.0243258580202436
"360","pth","withoutIO","full",32,8192,7.8634,0.498700986247481
"361","pth","withoutIO","seahorse",1,16,0.001,0
"362","pth","withoutIO","seahorse",1,32,0.00295,0.000223606797749979
"363","pth","withoutIO","seahorse",1,64,0.0078,0.000410391340834062
"364","pth","withoutIO","seahorse",1,128,0.0278,0.000523148363780597
"365","pth","withoutIO","seahorse",1,256,0.10815,0.00175544266422131
"366","pth","withoutIO","seahorse",1,512,0.4249,0.00286356421265527
"367","pth","withoutIO","seahorse",1,1024,1.6916,0.0100336276695185
"368","pth","withoutIO","seahorse",1,2048,6.7482,0.0355270097398111
"369","pth","withoutIO","seahorse",1,4096,27.11045,0.277541552128496
"370","pth","withoutIO","seahorse",1,8192,108.9292,0.41624216129809
"371","pth","withoutIO","seahorse",2,16,0.00105,0.000223606797749979
"372","pth","withoutIO","seahorse",2,32,0.002,0
"373","pth","withoutIO","seahorse",2,64,0.00435,0.000489360484929593
"374","pth","withoutIO","seahorse",2,128,0.0154,0.000502624689950035
"375","pth","withoutIO","seahorse",2,256,0.0572,0.00123969435961577
"376","pth","withoutIO","seahorse",2,512,0.22435,0.00290688837074973
"377","pth","withoutIO","seahorse",2,1024,0.8921,0.00939148550549912
"378","pth","withoutIO","seahorse",2,2048,3.55275,0.0215672143969059
"379","pth","withoutIO","seahorse",2,4096,14.18045,0.0644870243986296
"380","pth","withoutIO","seahorse",2,8192,57.6883,0.292181288352211
"381","pth","withoutIO","seahorse",4,16,0.0011,0.000307793505625546
"382","pth","withoutIO","seahorse",4,32,0.002,0
"383","pth","withoutIO","seahorse",4,64,0.00305,0.000223606797749979
"384","pth","withoutIO","seahorse",4,128,0.00905,0.000223606797749979
"385","pth","withoutIO","seahorse",4,256,0.03215,0.000745159820370595
"386","pth","withoutIO","seahorse",4,512,0.1236,0.00216187053509833
"387","pth","withoutIO","seahorse",4,1024,0.48935,0.00943272578788729
"388","pth","withoutIO","seahorse",4,2048,1.92485,0.0160992807946586
"389","pth","withoutIO","seahorse",4,4096,7.71745,0.0524860633130859
"390","pth","withoutIO","seahorse",4,8192,31.9405,0.204101496938733
"391","pth","withoutIO","seahorse",8,16,0.00165,0.000489360484929593
"392","pth","withoutIO","seahorse",8,32,0.00195,0.000223606797749979
"393","pth","withoutIO","seahorse",8,64,0.00275,0.000444261658319319
"394","pth","withoutIO","seahorse",8,128,0.006,0
"395","pth","withoutIO","seahorse",8,256,0.02015,0.000875093979915421
"396","pth","withoutIO","seahorse",8,512,0.0863,0.00304527243617485
"397","pth","withoutIO","seahorse",8,1024,0.3317,0.0113466897560942
"398","pth","withoutIO","seahorse",8,2048,1.30535,0.0402861802084719
"399","pth","withoutIO","seahorse",8,4096,5.16375,0.0404408274682379
"400","pth","withoutIO","seahorse",8,8192,21.6133,0.124572574492901
"401","pth","withoutIO","seahorse",16,16,0.00185,0.000489360484929593
"402","pth","withoutIO","seahorse",16,32,0.00195,0.000223606797749979
"403","pth","withoutIO","seahorse",16,64,0.0025,0.000512989176042577
"404","pth","withoutIO","seahorse",16,128,0.0061,0.000307793505625546
"405","pth","withoutIO","seahorse",16,256,0.02175,0.00096654566695826
"406","pth","withoutIO","seahorse",16,512,0.0841,0.00457567941460753
"407","pth","withoutIO","seahorse",16,1024,0.32615,0.00765214108324557
"408","pth","withoutIO","seahorse",16,2048,1.28935,0.017487664825603
"409","pth","withoutIO","seahorse",16,4096,5.1551,0.0302357404407432
"410","pth","withoutIO","seahorse",16,8192,21.5263,0.144318762685792
"411","pth","withoutIO","seahorse",32,16,0.002,0
"412","pth","withoutIO","seahorse",32,32,0.0021,0.000447213595499958
"413","pth","withoutIO","seahorse",32,64,0.0028,0.000410391340834062
"414","pth","withoutIO","seahorse",32,128,0.0065,0.000512989176042577
"415","pth","withoutIO","seahorse",32,256,0.02175,0.000786397515657048
"416","pth","withoutIO","seahorse",32,512,0.08495,0.00428553257760155
"417","pth","withoutIO","seahorse",32,1024,0.32845,0.00845094202161106
"418","pth","withoutIO","seahorse",32,2048,1.2949,0.036687729197706
"419","pth","withoutIO","seahorse",32,4096,5.13835,0.0274404139143248
"420","pth","withoutIO","seahorse",32,8192,21.48825,0.0787306367171939
"421","pth","withoutIO","triple_spiral",1,16,0.00185,0.0031165939573093
"422","pth","withoutIO","triple_spiral",1,32,0.003,0
"423","pth","withoutIO","triple_spiral",1,64,0.0085,0.000512989176042577
"424","pth","withoutIO","triple_spiral",1,128,0.03145,0.0006048053188293
"425","pth","withoutIO","triple_spiral",1,256,0.1212,0.00123969435961577
"426","pth","withoutIO","triple_spiral",1,512,0.4806,0.00722131348308967
"427","pth","withoutIO","triple_spiral",1,1024,1.9115,0.0128288326580567
"428","pth","withoutIO","triple_spiral",1,2048,7.62935,0.0408208860369555
"429","pth","withoutIO","triple_spiral",1,4096,30.687,0.294502434982338
"430","pth","withoutIO","triple_spiral",1,8192,122.8707,0.361527621424187
"431","pth","withoutIO","triple_spiral",2,16,0.00105,0.000223606797749979
"432","pth","withoutIO","triple_spiral",2,32,0.002,0
"433","pth","withoutIO","triple_spiral",2,64,0.005,0
"434","pth","withoutIO","triple_spiral",2,128,0.0172,0.000410391340834061
"435","pth","withoutIO","triple_spiral",2,256,0.06465,0.00126802789276976
"436","pth","withoutIO","triple_spiral",2,512,0.25045,0.00184889725312998
"437","pth","withoutIO","triple_spiral",2,1024,0.99865,0.00862844134244418
"438","pth","withoutIO","triple_spiral",2,2048,4.01265,0.020011246837716
"439","pth","withoutIO","triple_spiral",2,4096,16.02675,0.0980987016384923
"440","pth","withoutIO","triple_spiral",2,8192,64.83995,0.315298935014143
"441","pth","withoutIO","triple_spiral",4,16,0.00105,0.000223606797749979
"442","pth","withoutIO","triple_spiral",4,32,0.002,0
"443","pth","withoutIO","triple_spiral",4,64,0.00325,0.000444261658319319
"444","pth","withoutIO","triple_spiral",4,128,0.0102,0.000410391340834061
"445","pth","withoutIO","triple_spiral",4,256,0.03545,0.000686332741153257
"446","pth","withoutIO","triple_spiral",4,512,0.1385,0.00243872270277959
"447","pth","withoutIO","triple_spiral",4,1024,0.5467,0.00864565604341584
"448","pth","withoutIO","triple_spiral",4,2048,2.14925,0.0164280728920761
"449","pth","withoutIO","triple_spiral",4,4096,8.6328,0.0522318716977733
"450","pth","withoutIO","triple_spiral",4,8192,35.50705,0.173732545507227
"451","pth","withoutIO","triple_spiral",8,16,0.00165,0.000489360484929593
"452","pth","withoutIO","triple_spiral",8,32,0.002,0
"453","pth","withoutIO","triple_spiral",8,64,0.00285,0.000366347548532523
"454","pth","withoutIO","triple_spiral",8,128,0.0063,0.000470162345981627
"455","pth","withoutIO","triple_spiral",8,256,0.02255,0.00232775021267996
"456","pth","withoutIO","triple_spiral",8,512,0.0953,0.00367208531032652
"457","pth","withoutIO","triple_spiral",8,1024,0.37215,0.0164101220368149
"458","pth","withoutIO","triple_spiral",8,2048,1.43185,0.0239720780558505
"459","pth","withoutIO","triple_spiral",8,4096,5.72445,0.0480542182824447
"460","pth","withoutIO","triple_spiral",8,8192,23.7791,0.085649776476803
"461","pth","withoutIO","triple_spiral",16,16,0.00165,0.000489360484929593
"462","pth","withoutIO","triple_spiral",16,32,0.00195,0.000223606797749979
"463","pth","withoutIO","triple_spiral",16,64,0.00255,0.00051041778553404
"464","pth","withoutIO","triple_spiral",16,128,0.0069,0.000307793505625546
"465","pth","withoutIO","triple_spiral",16,256,0.02385,0.000988086934168084
"466","pth","withoutIO","triple_spiral",16,512,0.09235,0.0036168465473902
"467","pth","withoutIO","triple_spiral",16,1024,0.36685,0.0113799223010945
"468","pth","withoutIO","triple_spiral",16,2048,1.4232,0.0132609438419348
"469","pth","withoutIO","triple_spiral",16,4096,5.74935,0.14444276775905
"470","pth","withoutIO","triple_spiral",16,8192,23.71125,0.0810703885197108
"471","pth","withoutIO","triple_spiral",32,16,0.002,0
"472","pth","withoutIO","triple_spiral",32,32,0.00205,0.000223606797749979
"473","pth","withoutIO","triple_spiral",32,64,0.0029,0.000307793505625546
"474","pth","withoutIO","triple_spiral",32,128,0.00725,0.000444261658319319
"475","pth","withoutIO","triple_spiral",32,256,0.02455,0.00131689427302111
"476","pth","withoutIO","triple_spiral",32,512,0.09295,0.00351650244898027
"477","pth","withoutIO","triple_spiral",32,1024,0.3609,0.00915883237789162
"478","pth","withoutIO","triple_spiral",32,2048,1.41885,0.00760384251892632
"479","pth","withoutIO","triple_spiral",32,4096,5.692,0.0609495045530573
"480","pth","withoutIO","triple_spiral",32,8192,23.6372,0.0505252412166436
"481","seq","withIO","elephant",1,16,0.001,0
"482","seq","withIO","elephant",1,32,0.0021,0.000307793505625546
"483","seq","withIO","elephant",1,64,0.0071,0.000307793505625546
"484","seq","withIO","elephant",1,128,0.02665,0.00108942283125661
"485","seq","withIO","elephant",1,256,0.10095,0.00366311630345415
"486","seq","withIO","elephant",1,512,0.4,0.00645633104218764
"487","seq","withIO","elephant",1,1024,1.58735,0.017199372693579
"488","seq","withIO","elephant",1,2048,6.31765,0.0216242432176676
"489","seq","withIO","elephant",1,4096,25.45605,0.120172452837797
"490","seq","withIO","elephant",1,8192,102.77355,0.403617389824102
"491","seq","withIO","full",1,16,0.001,0
"492","seq","withIO","full",1,32,0.001,0
"493","seq","withIO","full",1,64,0.002,0
"494","seq","withIO","full",1,128,0.0059,0.000447213595499958
"495","seq","withIO","full",1,256,0.0198,0.000894427190999916
"496","seq","withIO","full",1,512,0.0767,0.00225014619408092
"497","seq","withIO","full",1,1024,0.29925,0.00729004367902589
"498","seq","withIO","full",1,2048,1.18315,0.0133190603430217
"499","seq","withIO","full",1,4096,4.81475,0.0841145052889215
"500","seq","withIO","full",1,8192,20.20105,0.262805005760225
"501","seq","withIO","seahorse",1,16,0.00105,0.000223606797749979
"502","seq","withIO","seahorse",1,32,0.0021,0.000307793505625546
"503","seq","withIO","seahorse",1,64,0.0074,0.000502624689950035
"504","seq","withIO","seahorse",1,128,0.0277,0.00108093526754916
"505","seq","withIO","seahorse",1,256,0.106,0.0012977713690461
"506","seq","withIO","seahorse",1,512,0.42155,0.0049040799340957
"507","seq","withIO","seahorse",1,1024,1.67455,0.00753570448632796
"508","seq","withIO","seahorse",1,2048,6.6803,0.0328523010489453
"509","seq","withIO","seahorse",1,4096,26.8853,0.164853395795365
"510","seq","withIO","seahorse",1,8192,108.46475,0.407022160912258
"511","seq","withIO","triple_spiral",1,16,0.001,0
"512","seq","withIO","triple_spiral",1,32,0.003,0
"513","seq","withIO","triple_spiral",1,64,0.0085,0.000512989176042577
"514","seq","withIO","triple_spiral",1,128,0.0314,0.00114248114115496
"515","seq","withIO","triple_spiral",1,256,0.12015,0.00315018796431679
"516","seq","withIO","triple_spiral",1,512,0.4761,0.00447095892222357
"517","seq","withIO","triple_spiral",1,1024,1.89795,0.0111330470600867
"518","seq","withIO","triple_spiral",1,2048,7.5647,0.02847917059703
"519","seq","withIO","triple_spiral",1,4096,30.39445,0.121665406145838
"520","seq","withIO","triple_spiral",1,8192,122.6533,0.352674607743978
"521","seq","withoutIO","elephant",1,16,0.001,0
"522","seq","withoutIO","elephant",1,32,0.002,0
"523","seq","withoutIO","elephant",1,64,0.007,0
"524","seq","withoutIO","elephant",1,128,0.02455,0.0006048053188293
"525","seq","withoutIO","elephant",1,256,0.095,0.00102597835208515
"526","seq","withoutIO","elephant",1,512,0.3775,0.00326867106425774
"527","seq","withoutIO","elephant",1,1024,1.501,0.00819499205227447
"528","seq","withoutIO","elephant",1,2048,5.99265,0.0228801798851964
"529","seq","withoutIO","elephant",1,4096,24.0004,0.0679027167893041
"530","seq","withoutIO","elephant",1,8192,95.86635,0.195058499996931
"531","seq","withoutIO","full",1,16,0.001,0
"532","seq","withoutIO","full",1,32,0.001,0
"533","seq","withoutIO","full",1,64,0.002,0
"534","seq","withoutIO","full",1,128,0.00405,0.000223606797749979
"535","seq","withoutIO","full",1,256,0.0146,0.00068055704737872
"536","seq","withoutIO","full",1,512,0.0551,0.000718184846459609
"537","seq","withoutIO","full",1,1024,0.21635,0.00215882521659107
"538","seq","withoutIO","full",1,2048,0.8596,0.0074438247101735
"539","seq","withoutIO","full",1,4096,3.42715,0.0221627354382365
"540","seq","withoutIO","full",1,8192,13.6982,0.0864264822962572
"541","seq","withoutIO","seahorse",1,16,0.001,0
"542","seq","withoutIO","seahorse",1,32,0.002,0
"543","seq","withoutIO","seahorse",1,64,0.007,0
"544","seq","withoutIO","seahorse",1,128,0.02605,0.000223606797749979
"545","seq","withoutIO","seahorse",1,256,0.10065,0.00118210338847862
"546","seq","withoutIO","seahorse",1,512,0.4005,0.00322000326904051
"547","seq","withoutIO","seahorse",1,1024,1.59535,0.0118822069543189
"548","seq","withoutIO","seahorse",1,2048,6.3652,0.0251199228962946
"549","seq","withoutIO","seahorse",1,4096,25.46085,0.126905383320762
"550","seq","withoutIO","seahorse",1,8192,101.6449,0.284194133055482
"551","seq","withoutIO","triple_spiral",1,16,0.001,0
"552","seq","withoutIO","triple_spiral",1,32,0.0022,0.000410391340834062
"553","seq","withoutIO","triple_spiral",1,64,0.008,0
"554","seq","withoutIO","triple_spiral",1,128,0.02935,0.000489360484929592
"555","seq","withoutIO","triple_spiral",1,256,0.11435,0.00108942283125661
"556","seq","withoutIO","triple_spiral",1,512,0.4549,0.00319374388453427
"557","seq","withoutIO","triple_spiral",1,1024,1.8239,0.037218982140555
"558","seq","withoutIO","triple_spiral",1,2048,7.24135,0.0260288807208253
"559","seq","withoutIO","triple_spiral",1,4096,29.00035,0.0917509644291776
"560","seq","withoutIO","triple_spiral",1,8192,115.82425,0.257502554918341
